{"cameraMode":{"drawMode":0,"name":"Shaded","section":"Shading Mode"},"sceneLighting":true,"audioPlay":false,"sceneViewState":{"showFog":true,"showMaterialUpdate":false,"showSkybox":true,"showFlares":true,"showImageEffects":true,"showParticleSystems":true},"in2DMode":false,"pivot":{"x":0.3787362575531006,"y":0.38164830207824709,"z":-3.737596273422241},"rotation":{"x":0.20747192203998567,"y":0.29404887557029726,"z":-0.06550361216068268,"w":0.9307525157928467},"size":348.32635498046877,"orthographic":false}