{"cameraMode":{"drawMode":0,"name":"Shaded","section":"Shading Mode"},"sceneLighting":true,"audioPlay":false,"sceneViewState":{"showFog":true,"showMaterialUpdate":false,"showSkybox":true,"showFlares":true,"showImageEffects":true,"showParticleSystems":true},"in2DMode":false,"pivot":{"x":1.1054115295410157,"y":0.7300000190734863,"z":0.3179280161857605},"rotation":{"x":-0.055079054087400439,"y":-0.9449442028999329,"z":0.21954353153705598,"w":-0.2366311252117157},"size":3.7770230770111086,"orthographic":false}