{"cameraMode":{"drawMode":0,"name":"Shaded","section":"Shading Mode"},"sceneLighting":false,"audioPlay":false,"sceneViewState":{"showFog":true,"showMaterialUpdate":false,"showSkybox":false,"showFlares":true,"showImageEffects":true,"showParticleSystems":true},"in2DMode":false,"pivot":{"x":-26.408483505249025,"y":3.8530783653259279,"z":-8.938055992126465},"rotation":{"x":0.37103772163391116,"y":0.033815622329711917,"z":-0.014386359602212906,"w":0.9282090663909912},"size":19.77285385131836,"orthographic":false}