{"cameraMode":{"drawMode":0,"name":"Shaded","section":"Shading Mode"},"sceneLighting":true,"audioPlay":false,"sceneViewState":{"showFog":true,"showMaterialUpdate":false,"showSkybox":true,"showFlares":true,"showImageEffects":true,"showParticleSystems":true},"in2DMode":false,"pivot":{"x":-15.652325630187989,"y":19.75571632385254,"z":33.47771072387695},"rotation":{"x":-0.20957575738430024,"y":0.6759968400001526,"z":-0.2139967530965805,"w":-0.67507404088974},"size":51.453338623046878,"orthographic":false}