{"cameraMode":{"drawMode":0,"name":"Shaded","section":"Shading Mode"},"sceneLighting":false,"audioPlay":false,"sceneViewState":{"showFog":true,"showMaterialUpdate":false,"showSkybox":false,"showFlares":true,"showImageEffects":true,"showParticleSystems":true},"in2DMode":false,"pivot":{"x":-25.862350463867189,"y":12.295479774475098,"z":-10.36854362487793},"rotation":{"x":0.357136070728302,"y":-0.12239817529916763,"z":0.046486254781484607,"w":0.9251642823219299},"size":19.615297317504884,"orthographic":false}