{"cameraMode":{"drawMode":0,"name":"Shaded","section":"Shading Mode"},"sceneLighting":true,"audioPlay":false,"sceneViewState":{"showFog":true,"showMaterialUpdate":false,"showSkybox":true,"showFlares":true,"showImageEffects":true,"showParticleSystems":true},"in2DMode":false,"pivot":{"x":66.61637878417969,"y":29.566728591918947,"z":-103.42387390136719},"rotation":{"x":0.11532983928918839,"y":-0.5283311009407044,"z":0.06029009073972702,"w":0.8416866660118103},"size":26.659543991088868,"orthographic":false}