{"cameraMode":{"drawMode":0,"name":"Shaded","section":"Shading Mode"},"sceneLighting":true,"audioPlay":false,"sceneViewState":{"showFog":true,"showMaterialUpdate":false,"showSkybox":true,"showFlares":true,"showImageEffects":true,"showParticleSystems":true},"in2DMode":false,"pivot":{"x":0.7904093265533447,"y":19.09415054321289,"z":13.022483825683594},"rotation":{"x":-0.10005450993776322,"y":0.0252534206956625,"z":0.00580859649926424,"w":-0.9968758821487427},"size":55.63713073730469,"orthographic":false}