{"cameraMode":{"drawMode":0,"name":"Shaded","section":"Shading Mode"},"sceneLighting":true,"audioPlay":false,"sceneViewState":{"showFog":true,"showMaterialUpdate":false,"showSkybox":true,"showFlares":true,"showImageEffects":true,"showParticleSystems":true},"in2DMode":false,"pivot":{"x":11.087364196777344,"y":14.727838516235352,"z":25.528846740722658},"rotation":{"x":-0.2767946422100067,"y":-0.24368692934513093,"z":0.06894243508577347,"w":-0.9285892248153687},"size":91.69762420654297,"orthographic":false}