{"cameraMode":{"drawMode":0,"name":"Shaded","section":"Shading Mode"},"sceneLighting":false,"audioPlay":false,"sceneViewState":{"showFog":true,"showMaterialUpdate":false,"showSkybox":false,"showFlares":true,"showImageEffects":true,"showParticleSystems":true},"in2DMode":false,"pivot":{"x":-10.420000076293946,"y":4.619999885559082,"z":-0.09999990463256836},"rotation":{"x":0.29489681124687197,"y":0.10513303428888321,"z":-0.031671687960624698,"w":0.9502648711204529},"size":13.454130172729493,"orthographic":false}