{"cameraMode":{"drawMode":0,"name":"Shaded","section":"Shading Mode"},"sceneLighting":true,"audioPlay":false,"sceneViewState":{"showFog":true,"showMaterialUpdate":false,"showSkybox":true,"showFlares":true,"showImageEffects":true,"showParticleSystems":true},"in2DMode":false,"pivot":{"x":7.366408348083496,"y":4.450201034545898,"z":-3.6153299808502199},"rotation":{"x":0.4065370261669159,"y":-0.05865975096821785,"z":0.025028986856341363,"w":0.9118863344192505},"size":24.38943862915039,"orthographic":false}