{"cameraMode":{"drawMode":0,"name":"Shaded","section":"Shading Mode"},"sceneLighting":true,"audioPlay":false,"sceneViewState":{"showFog":true,"showMaterialUpdate":false,"showSkybox":true,"showFlares":true,"showImageEffects":true,"showParticleSystems":true},"in2DMode":false,"pivot":{"x":0.9174758195877075,"y":-2.738367795944214,"z":-1.186042070388794},"rotation":{"x":0.21983149647712708,"y":-0.693282425403595,"z":0.23654396831989289,"w":0.6442971229553223},"size":15.990239143371582,"orthographic":false}