{"cameraMode":{"drawMode":0,"name":"Shaded","section":"Shading Mode"},"sceneLighting":true,"audioPlay":false,"sceneViewState":{"showFog":true,"showMaterialUpdate":false,"showSkybox":true,"showFlares":true,"showImageEffects":true,"showParticleSystems":true},"in2DMode":false,"pivot":{"x":2.0394134521484377,"y":0.8387994766235352,"z":1.451467514038086},"rotation":{"x":0.2693901062011719,"y":-0.06062835082411766,"z":0.016989361494779588,"w":0.960994303226471},"size":20.655292510986329,"orthographic":false}