{"cameraMode":{"drawMode":0,"name":"Shaded","section":"Shading Mode"},"sceneLighting":false,"audioPlay":false,"sceneViewState":{"showFog":true,"showMaterialUpdate":false,"showSkybox":false,"showFlares":true,"showImageEffects":true,"showParticleSystems":true},"in2DMode":false,"pivot":{"x":-8.736245155334473,"y":6.606418132781982,"z":6.170709609985352},"rotation":{"x":0.20647840201854707,"y":-0.662678062915802,"z":0.19629600644111634,"w":0.6930297613143921},"size":32.30474853515625,"orthographic":false}